game_id,season,week,home_team,away_team,spread_line,p_xgb,p_lr,models_agree,side,edge
2026_05_PHI_JAX,2026,5,JAX,PHI,7.0,0.385,0.344,True,away,0.1732
2026_05_BAL_ATL,2026,5,ATL,BAL,-2.5,0.541,0.515,True,home,0.0279
2026_05_MIN_NO,2026,5,NO,MIN,-1.5,0.534,0.577,True,home,0.0218
2026_05_CLE_NYJ,2026,5,NYJ,CLE,2.5,0.53,0.517,True,home,0.0215
2026_05_TB_DAL,2026,5,DAL,TB,9.5,0.455,0.494,True,away,0.0213
2026_05_BUF_LA,2026,5,LA,BUF,2.5,0.493,0.529,False,away,0.0044
2026_05_DEN_LAC,2026,5,LAC,DEN,-3.5,0.526,0.622,True,home,0.0043
2026_05_CIN_MIA,2026,5,MIA,CIN,-7.0,0.518,0.517,True,,0.0
2026_05_LV_NE,2026,5,NE,LV,3.5,0.493,0.53,False,,0.0
2026_05_CHI_GB,2026,5,GB,CHI,-3.0,0.521,0.567,True,,0.0
2026_05_IND_PIT,2026,5,PIT,IND,2.5,0.494,0.458,True,,0.0
2026_05_NYG_WAS,2026,5,WAS,NYG,3.0,0.511,0.473,False,,0.0
2026_05_HOU_TEN,2026,5,TEN,HOU,-7.0,0.531,0.466,False,,0.0
2026_05_SF_SEA,2026,5,SEA,SF,3.0,0.487,0.553,False,,0.0
2026_05_DET_ARI,2026,5,ARI,DET,-4.5,0.499,0.482,True,,0.0
